Keyphrase,Current Page,Current Position
custom stress ball singapore,1,1
custom arm sleeves,1,1
custom printed notebooks wholesale,1,1
customised wristband singapore mass,1,1
hi vis vest logo,1,1
foldable water bottle corporate gift,1,1
gift box printing singapore,1,1
design arm sleeves,1,1
custom printed gift box singapore,1,1
branded wristbands,1,1
custom logo socks,1,1
smiley stress balls wholesale,1,1
stress balls with logo,1,1
personalised stress balls,1,1
corporate stress balls,1,1
logo socks bulk,1,1
custom socks supplier,1,1
customised wristband singapore mass print,1,1
print on demand wristbands,1,1
custom wood coasters,1,1
travel adapter custom logo,1,1
personalised multi plug adapter,1,1
wood printed coaster,1,1
customised wooden coasters singapore,1,1
personalized wood coasters singapore,1,1
custom wood coasters bulk,1,1
custom wood coasters singapore,1,1
corporate printed pencils,1,1
custom multi plug adapter singapore,1,1
custom paper bags,1,2
custom paper bag,1,2
customised paper bag,1,2
branded corporate apparel,1,2
custom socks singapore,1,2
customised kitchenware singapore,1,2
customised socks singapore,1,2
lanyard printing online,1,2
umbrella printing singapore,1,2
umbrella printing,1,2
custom printed kitchenware,1,2
printing of ez link card singapore,1,2
personalised wristbands,1,2
custom stress balls,1,2
branded silicone wristbands,1,2
paper coasters singapore,1,2
customised socks,1,2
notebook printing services,1,2
logo on socks,1,2
bulk notebook printing,1,2
usb mini massager,1,2
custom paper coasters,1,2
usb massager,1,2
custom microfiber towels,1,2
microfiber towels wholesale,1,2
custom microfiber towel,1,2
personalized microfiber towels,1,2
custom microfiber cloth,1,2
customise socks,1,2
paper bag printing,1,3
ez link card printing,1,3
wristband printing singapore,1,3
custom printed paper coasters,1,3
ez link card sticker printing,1,3
corporate gift printing services,1,3
enamel pins custom singapore,1,3
custom paper bag printing,1,3
hi vis vest with logo,1,3
customised multi plug adapter singapore,1,3
wholesale sports shorts,1,3
paper coaster printing singapore,1,3
custom pins,1,3
custom paper bag singapore,1,3
company logo socks,1,3
paper coaster printing,1,3
paper bag printing singapore,1,3
cheap letterhead printing online,1,3
chinese new year red packet printing,1,3
buy stress ball online,1,3
stress ball gift,1,3
stress balls with smiley faces,1,3
customised paper bags singapore,1,3
office supply gifts,1,3
customised red packet,1,3
custom fabric banner printing,1,3
customized gift box singapore,1,3
certificate holder singapore,1,3
personalised red packet,1,3
custom logo shorts,1,4
custom logo luggage tags,1,4
custom enamel pins singapore,1,4
customised pencils singapore,1,4
personalised gift box singapore,1,4
corporate red packet,1,4
microfiber cloth custom,1,4
custom enamel pins,1,4
customisable pencil sinagpore,1,4
smiling stress ball,1,4
safety vest with custom logo,1,4
custom red packet printing singapore,1,4
customized thumb drive singapore,1,4
customised umbrella singapore,1,4
custom office supplies,1,4
enamel pins singapore,1,4
personalised kitchenware singapore,1,4
personalised jute bags,1,4
high quality letterhead printing,1,4
customised travel adapter,1,4
personalised letterhead printing,1,4
custom business stationery,1,4
post it pad printing singapore,1,5
personalized thumb drive,1,5
paper bags printing,1,5
umbrella with logo printing,1,5
custom letterhead printing services,1,5
customised ez link card sticker,1,5
custom logo thumb drives,1,5
custom socks,1,5
large banner printing services,1,5
buy corporate gifts online,1,5
printed drinkware,1,5
personalised silicone wristbands,1,5
certificate holder,1,6
mini massager,1,6
customised post it notes,1,6
umbrella corporate gift customised,1,6
customised ez link card,1,6
big banner printing,1,6
printed silicone wristband,1,6
multipurpose pouch singapore,1,6
foldable water bottle singapore supplier,1,6
shorts printing,1,6
fabric banner printing,1,6
inexpensive letterhead printing,1,6
small corporate gifts,1,6
lanyard printing singapore,1,6
buy office supplies in bulk,1,6
red packet printing,1,6
holographic sticker,1,6
bomber jacket printing,1,6
safety vest supplier,1,6
print bomber jacket,1,6
custom printed drinkware,1,6
custom design bomber jacket,1,6
small stress balls,1,6
corporate gifts with logo printing,1,6
corporate gift printing singapore,1,6
order coasters online,1,6
l shape files,1,6
dri fit polo shirt supplier,1,6
corporate caps,1,6
enamel pins,1,6
custom face mask printing,1,6
where to buy handheld fan singapore,1,6
personalised bluetooth speaker,1,6
customised office supplies singapore,1,7
custom bluetooth speaker,1,7
custom fabric banner,1,7
where to buy red packets in singapore,1,7
hologram sticker printing,1,7
print fabric banner,1,7
fabric banner printing singapore,1,7
corporate branded mugs,1,7
smiley stress ball singapore,1,7
dri fit long sleeve polo shirts,1,7
where to buy safety vest in singapore,1,7
stress ball singapore where to buy,1,7
wristband singapore,1,7
safety vest suppliers,1,7
custom notebook printing singapore,1,7
banner printing singapore,1,7
customised lanyard singapore,1,7
custom silicone wristbands,1,7
custom printed mask singapore,1,7
custom printed corporate gifts,1,7
customised lanyard card holder singapore,1,7
corporate notebook printing,1,7
customised face mask singapore,1,7
lapen pin singapore,1,7
notebook printing singapore,1,7
corporate ez link card,1,8
custom lapel pin,1,8
squishy stress balls,1,8
car decal printing,1,8
customised post it pad singapore,1,8
holographic stickers,1,8
drifit long sleeve polo shirt,1,8
personalised face mask singapore,1,8
customise luggage tag,1,8
personalised branded pens,1,8
personalised bag singapore,1,8
red packet singapore,1,8
banner printing service,1,8
golf umbrella custom,1,8
collar pin singapore,1,8
pouches online,1,8
chinese new year gifts for clients,1,8
custom golf umbrella,1,8
collar pin custom,1,9
custom print shorts,1,9
where to buy arm sleeves,1,9
where to buy sleeves for your arms,1,9
custom letterhead printing,1,9
stress ball singapore,1,9
customised mask singapore,1,9
long sleeve dri fit polo shirts,1,9
buy portable fan online,1,9
personalised gift box,1,9
cheap business flyer printing,1,9
dri fit polo shirt design,1,9
dry fit long sleeve polo,1,9
pin badge printing,1,9
bomber jacket custom,1,9
sports zip up jacket,1,10
corporate stationery singapore,1,10
custom post it pads,1,10
tote bag customisation singapore,1,10
small business corporate gifts,1,10
buy usb thumb drive,1,10
post it pad printing,1,10
pvc banner printing singapore,1,10
personalised ez link card,2,10
bag customisation online,1,10
where to buy paper bags in singapore,1,10
personalised pencil singapore,1,10
customised collar pin singapore,1,10
car decal singapore,2,10
mask printing services singapore,1,10
customised card holder singapore,2,11
red packet printing singapore,2,11
pouch customisation singapore,2,11
personalised notebook printing singapore,2,11
silicone wristband printing singapore,2,11
reflective vest singapore,2,11
polo shirt dri fit,2,11
paper bag,2,11
customised clothing,2,11
safety vest singapore,2,11
cap logo printing,2,11
post it pad singapore,2,11
travel adapter singapore corporate gift,2,11
where to buy microfibre towel,2,11
customised luggage tag singapore,2,11
corporate gifts luggage tags,2,11
personalised water bottle gift,2,11
long sleeve dri fit polo,2,11
jacket printing,2,11
stress ball,2,11
where to buy small gifts,2,12
customised jacket,2,12
paper bag supplier,2,12
usb fan singapore gifts,2,12
pin badge,2,12
buy portable charger,2,12
jute bag corporate gifts,2,12
a4 certificate folder,2,12
l shape file,2,12
portable massager,2,12
car window decal printing,2,12
custom bomber jacket singapore,2,12
bottle printing singapore,2,12
buy portable charger online,2,13
dri fit polo tee,2,13
a4 certificate holder,2,13
where to get arm sleeves,2,13
where to buy banners,2,13
buy sports shorts online,2,13
affordable corporate pen singapore,2,14
corporate bottles,2,14
dri fit polo t shirt printing,2,14
portable fan singapore,2,14
customised jacket singapore,2,14
paper bag singapore,2,14
buy power bank online singapore,2,14
customised bag singapore,2,14
customised lunch box singapore,2,14
tumbler printing singapore,2,14
cheap flyer printing singapore,2,14
travel adapter corporate gift,2,14
personalised apron singapore,2,14
custom tote bag printing singapore,2,14
corporate gifts caps,2,15
fabric poster printing singapore,2,15
buy arm sleeves,2,15
dri fit polo shirt,2,15
high quality tote bag printing,2,15
where to buy office supplies,2,15
cheap letterhead printing singapore,2,15
customised bags,2,15
printing pull up banners,2,16
buy office supplies online,2,16
pvc banner print,2,16
car decal printing singapore,2,16
pvc banner design,2,16
customised car stickers singapore,2,16
corporate jute bag,2,16
personalised coasters singapore,2,16
microfiber towel singapore,2,16
where to buy usb fan in singapore,2,16
roll up banner printing,2,16
roll up poster,2,16
foldable cup,2,16
corporate gifts online purchase,2,17
print pull up banner,2,17
paper certificate holder,2,17
folder for certificates,2,17
safety vest,2,17
customisable corporate gifts,2,17
personalised pens,2,17
customised wooden pencils,2,17
custom printed pencils,2,17
corporate gift water bottle singapore,2,17
corporate gifts singapore online,2,17
collapsible cup,2,17
customised pouch,2,18
personalised card holder singapore,2,18
customised polo tee singapore,2,18
where to buy nets prepaid card,2,18
collapsible cup singapore,2,18
print on demand stationery,2,18
dri fit shirt supplier singapore,2,18
corporate luggage tags,2,18
where to get nets prepaid card,2,18
lanyard printing,2,18
sport zipper jacket,2,18
portable massager singapore,2,18
handheld fan singapore,2,18
cert holder,2,18
customised tote bag singapore,2,18
customised notebook singapore,2,18
dri fit polo t shirt,2,18
custom printed canvas tote bags,2,19
personalised corporate gifts,2,19
jacket printing singapore,2,19
custom jackets,2,19
backdrop printing,2,19
coaster printing,2,19
customised coasters singapore,2,19
golf umbrella singapore,2,19
l shape folder a4,2,19
safety vests,2,19
luggage tag corporate gifts,2,19
pull up banner singapore,2,19
where to buy collapsible cup,2,19
banner printing,2,20
sport zip jacket,3,20
corporate gift supplier,2,20
dri-fit shirt,2,20
cap printing services,2,20
collar pin badge,2,20
multi plug adapter singapore,2,20
customised apron singapore,2,20
arm sleeves singapore,2,20
pull up banner,3,21
arm sleeves,3,21
buy power bank singapore,3,21
pen printing singapore,3,21
collar pin,3,21
silicone wristbands singapore,3,21
nets prepaid card where to buy,3,21
tote bag printing singapore,3,21
foldable bottle singapore,3,21
mini portable fan,3,22
nets prepaid card,3,22
personalised notebook singapore,3,22
mini usb fan,3,22
l shaped file,3,22
corporate gift umbrella singapore,3,22
portable usb fan,3,23
paper certificate folder,3,23
cup coaster singapore,3,23
singapore corporate gifts suppliers,3,23
umbrella corporate gift,3,23
custom jacket singapore,3,23
letterhead printing service singapore,3,24
personalised banners,3,24
fabric banner,3,24
wholesale office supplies,3,24
print roll up banner,3,24
drink coaster printing,3,24
cny gift ideas,3,24
roll up banner,3,25
pencils corporate gifts singapore,3,25
customized jacket,3,25
backdrop printing singapore,3,25
corporate gifts customisation singapore,3,25
dry fit,3,25
corporate gift shop,3,26
cap printing singapore,3,26
portable charger singapore,3,26
customised tumbler,3,26
arm sleeve,3,26
customised tumbler singapore,3,26
flyer printing singapore,3,26
roll-up banner,3,26
vinyl sticker singapore,3,26
dry fit t shirts,3,27
cny corporate gifts singapore,3,27
dri fit printing,3,27
dri fit t shirt,3,27
portable charger,3,27
corporate polo tee,3,27
personalised pen singapore,3,28
personalised car stickers,3,28
personalised tote bags,3,28
personalised tumbler singapore,3,28
cap printing,3,28
custom printed tote bags,3,28
usb fan,3,28
polo tee printing,3,28
certificate folder,3,28
long sleeve dri fit shirt,3,28
drink coasters singapore,3,29
corporate pens singapore,3,29
hat printing,3,29
corporate gift pen singapore,3,29
custom apron,3,30
singlet top,4,30
dri fit shirts,4,30
flyer printing,4,31
buy corporate gifts singapore,4,31
dri fit shirt,4,31
print singlet,4,32
corporate gifts online shopping,4,32
custom apron printing,4,32
usb c thumb drive,4,32
wristband,4,32
thumbdrive singapore,4,32
where can i find wristbands,4,33
customised clothes,4,33
personalized pouch singapore,4,33
customised pen singapore,4,33
printed canvas tote bag,4,33
personalised water bottles,4,33
personalised tumbler,4,33
vinyl sticker printing,4,33
long sleeve dry fit,4,33
personalised stationery singapore,4,33
custom toiletry bag,4,34
chinese new year red packets singapore,4,34
custom dri fit t shirt,4,34
corporate gifts suppliers singapore,4,35
microfiber towel,4,35
dry fit shirt,4,35
personalised corporate gifts singapore,4,35
banner,4,35
vinyl stickers,4,36
name card design,4,36
office supplies online,4,36
customised corporate gifts singapore,4,36
corporate gifts usb fan singapore,4,36
order pens with logo,4,36
a4 l shape folder,4,36
corporate tumblers,4,37
event backdrop,4,37
drifit shirt,4,37
mug printing singapore,4,38
custom collar t shirt,4,38
a4 file folder,4,38
dri fit shirt singapore,4,39
custom polo tee singapore,4,39
table tent card,5,40
corporate gifts singapore,4,40
customised water bottle singapore,4,40
silicone wristbands,5,40
unique corporate gift ideas singapore,4,40
branded tote bags singapore,5,41
usb fan singapore,5,41
custom jacket,5,42
dri fit t-shirt printing singapore,5,42
printed polo shirts,5,42
event backdrop design,5,43
personalised mugs online,5,43
name card,5,44
custom printed tumblers,5,44
custom stationery with logo,5,45
badges printing,5,45
jacket design,5,45
corporate gift ideas singapore,5,45
custom print tank top,5,46
custom pens with logo,5,47
business letterhead printing,5,47
where to buy sports shorts,5,47
vinyl sticker,5,48
online sports shorts,5,48
branded drinkware,5,48
custom printed clothing singapore,5,49
office supplies singapore,5,49
corporate gift shop singapore,5,49
online office stationery suppliers,5,50
custom polo shirt,6,50
custom singlet printing,6,52
construction vest,6,53
corporate stationery suppliers,6,54
corporate gifts singapore ideas,6,54
business card printing singapore,6,54
personalised caps singapore,6,54
customised stationery singapore,6,55
stationery printing,6,55
polo t shirt printing singapore,6,55
singlets,6,56
office supplies and stationery,6,56
personalised luggage tag singapore,6,57
company jacket design,6,58
personalised bags,7,61
l shaped folder,7,61
mug printing shop singapore,7,62
business card,7,63
personalised luggage tags,7,63
polo t shirt design,7,63
custom printed toiletry bag,7,63
badge printing singapore,7,64
pvc banner,7,65
custom vinyl sticker,7,65
custom logo badge,7,65
thumb drive wholesale singapore,7,65
corporate gift box singapore,7,66
gadget gift singapore,7,66
thumb drive corporate gift singapore,7,66
car decal stickers,7,67
bluetooth speaker corporate gift,7,68
stationery printing services,7,69
cool corporate gift gadgets,7,69
corporate banner,8,71
where to buy thumb drive in singapore,8,72
office supplies,8,72
car decals,8,75
polo shirt printing singapore,8,77
office supply store singapore,9,84
coasters singapore,9,85
name card printing singapore,9,87
coasters,9,88
stationery printing company,9,90
design and print your own stationery,10,92
personalised card holder,10,93
golf umbrella,,0
small gift ideas,,0
electric vibrating massager,,0
polo tee design,,0
chinese new year gifts for friends,,0
sports polo shirt,,0
tent card,,0
t shirt supplier singapore,,0
plain tshirt,,0
plain shirt,,0
plain t shirt,,0
round neck t-shirt,,0
round neck t shirt,,0
table tent cards,,0
corporate business flyer,,0
shirt supplier singapore,,0
custom printed jute bags,,0
lunch box singapore,,0
business card singapore,,0
singlet shirt,,0
multi pin adapter,,0
sports singlet,,0
what to gift for chinese new year,,0
custom singlet,,0
vinyl sticker printer,,0
singlet designer online,,0
small gifts for employees,,0
toiletry bag singapore,,0
foldable water bottle,,0
where to buy lunch box in singapore,,0
small cheap gifts for coworkers,,0
athletic fit polo shirt,,0
personalised stationery,,0
l shape file folder,,0
hi vis vest,,0
office stationery,,0
dri fit polo tee printing singapore,,0
a4 folder,,0
singlet singapore,,0
chinese new year items,,0
tank top singapore,,0
what to give for chinese new year,,0
toiletry bag,,0
power bank singapore,,0
print sleeveless tops,,0
polo tshirt,,0
apron singapore,,0
small gifts,,0
toiletries pouch,,0
polo tee printing singapore,,0
where to buy apron singapore,,0
small gifts for friends,,0
personalised lunch box,,0
polo t-shirt singapore,,0
tent cards,,0
bluetooth speaker singapore,,0
customised ez link card singapore,,0
wedding red packet singapore,,0
dri fit shirt printing singapore,,0
ez link card customisation,,0
name tents,,0
card holder corporate gift,,0
bluetooth speaker buy online,,0
small christmas gifts for colleagues,,0
where to buy 100 cotton socks,,0
print on demand hats,,0
business advertising flyers,,0
electronic gadgets in singapore,,0
hologram sticker,,0
dri fit t shirt printing singapore,,0
personalised mugs singapore,,0
cool gadgets to buy,,0
dri fit polo long sleeve,,0
long sleeve dri fit,,0
long sleeve polo dri fit,,0
lapel pin,,0
dri fit long sleeve polo,,0
contractor safety vest,,0
zip up jacket,,0
apparel printing services,,0
toiletry pouch,,0
pouch singapore,,0
singapore apron,,0
paper bag supplier singapore,,0
where to buy apron,,0
dri fit long sleeve,,0
apron supplier,,0
dry fit long sleeve,,0
self stirring coffee mug,,0
long sleeve dry fit shirts,,0
apron with front pocket,,0
zip jacket,,0
apron design,,0
magic mug printing,,0
self stirring mug singapore store,,0
customised mug singapore,,0
self stirring mug singapore,,0
self stirring mug,,0
chinese new year gifts,,0
digital printing on tote bags,,0
chinese new year gift ideas,,0
dri fit polo tee singapore,,0
round neck shirt,,0
fabric banner design,,0
multi plug adapter,,0
polo sports shirt,,0
custom running singlet,,0
dri fit polo shirt template,,0
singlet printing singapore,,0
sports polo shirt design,,0
singlet custom design,,0
personalised corporate christmas cards,1,3
affordable certificate printing singapore,1,4
corporate sticker printing,1,6
customised thermal flask singapore,1,6
corporate christmas cards singapore,1,6
buy rubber stamps online,1,9
collapsible lunch box microwave safe,1,9
personalised thermal flask,1,9
thermal flask corporate gift,1,9
christmas card printing singapore,1,10
business christmas cards with logo,1,10
customised christmas cards singapore,2,11
online sticker shop singapore,2,12
print christmas cards singapore,2,13
buy bluetooth wireless mouse,2,13
certificate printing singapore,2,14
collapsible lunch box singapore,2,17
silicone collapsible lunch box singapore,2,18
christmas cards online singapore,2,19
rubber stamp online singapore,3,23
company logo sticker printing,3,24
certificate printing,3,25
christmas cards singapore,4,33
customised rubber stamp singapore,4,33
custom sticker printing singapore,4,35
custom stickers singapore,4,37
personalised stickers singapore,4,37
custom logo rubber stamps,5,41
sticker shop singapore,5,47
rubber stamp maker singapore,5,48
rubber stamp,6,52
collapsible lunch box corporate gift,6,52
customised mouse,6,53
sticker printing singapore,6,54
christmas cards,6,55
company rubber stamp singapore,6,56
where to make rubber stamp in singapore,6,59
buy wireless mouse online,,0
wireless mouse,,0
buy cheap wireless mouse,,0
where to buy christmas cards in singapore,,0
rubber stamp maker online,,0
wireless mouse singapore,,0